{
  "name": "imagesloaded",
  "version": "3.1.4",
  "title": "imagesLoaded",
  "description": "JavaScript is all like 'You images done yet or what?'",
  "keywords": [
    "image",
    "loading"
  ],
  "author": {
    "name": "David DeSandro",
    "url": "http://desandro.com"
  },
  "maintainers": [
    {
      "name": "Tomas Sardyha",
      "url": "http://darsa.in"
    },
    {
      "name": "David DeSandro",
      "url": "http://desandro.com"
    }
  ],
  "licenses": [
    {
      "type": "MIT",
      "url": "http://desandro.mit-license.org/"
    }
  ],
  "bugs": "https://github.com/desandro/imagesloaded/issues",
  "homepage": "https://imagesloaded.desandro.com",
  "docs": "https://imagesloaded.desandro.com",
  "download": "http://imagesloaded.desandro.com",
  "dependencies": {
    "jquery": ">=1.7"
  }
}
